dataset_id,table_id,table_type,clustering_fields,created,expires,friendly_name,full_table_id,partition_expiration,partitioning_type,path,project,reference,time_partitioning,view_use_legacy_sql
analytics_274239098,ds_tod_dow_full_view,view,,2023-01-31 18:57:56.395000+00:00,,,hubemployee-189ad:analytics_274239098.ds_tod_dow_full_view,,,/projects/hubemployee-189ad/datasets/analytics_274239098/tables/ds_tod_dow_full_view,hubemployee-189ad,hubemployee-189ad.analytics_274239098.ds_tod_dow_full_view,,False
analytics_274239098,events_intraday_20210828,table,,2021-08-28 04:32:17.050000+00:00,,,hubemployee-189ad:analytics_274239098.events_intraday_20210828,,,/projects/hubemployee-189ad/datasets/analytics_274239098/tables/events_intraday_20210828,hubemployee-189ad,hubemployee-189ad.analytics_274239098.events_intraday_20210828,,
analytics_274239098,events_intraday_20210829,table,,2021-08-29 09:13:11.269000+00:00,,,hubemployee-189ad:analytics_274239098.events_intraday_20210829,,,/projects/hubemployee-189ad/datasets/analytics_274239098/tables/events_intraday_20210829,hubemployee-189ad,hubemployee-189ad.analytics_274239098.events_intraday_20210829,,
analytics_274239098,events_intraday_20210830,table,,2021-08-30 03:10:32.409000+00:00,,,hubemployee-189ad:analytics_274239098.events_intraday_20210830,,,/projects/hubemployee-189ad/datasets/analytics_274239098/tables/events_intraday_20210830,hubemployee-189ad,hubemployee-189ad.analytics_274239098.events_intraday_20210830,,
analytics_274239098,events_intraday_20210831,table,,2021-08-31 03:08:45.982000+00:00,,,hubemployee-189ad:analytics_274239098.events_intraday_20210831,,,/projects/hubemployee-189ad/datasets/analytics_274239098/tables/events_intraday_20210831,hubemployee-189ad,hubemployee-189ad.analytics_274239098.events_intraday_20210831,,
analytics_274239098,events_intraday_20210901,table,,2021-09-01 03:14:00.067000+00:00,,,hubemployee-189ad:analytics_274239098.events_intraday_20210901,,,/projects/hubemployee-189ad/datasets/analytics_274239098/tables/events_intraday_20210901,hubemployee-189ad,hubemployee-189ad.analytics_274239098.events_intraday_20210901,,
analytics_274239098,events_intraday_20210902,table,,2021-09-02 03:40:01.832000+00:00,,,hubemployee-189ad:analytics_274239098.events_intraday_20210902,,,/projects/hubemployee-189ad/datasets/analytics_274239098/tables/events_intraday_20210902,hubemployee-189ad,hubemployee-189ad.analytics_274239098.events_intraday_20210902,,
analytics_274239098,events_intraday_20210903,table,,2021-09-03 02:34:58.562000+00:00,,,hubemployee-189ad:analytics_274239098.events_intraday_20210903,,,/projects/hubemployee-189ad/datasets/analytics_274239098/tables/events_intraday_20210903,hubemployee-189ad,hubemployee-189ad.analytics_274239098.events_intraday_20210903,,
analytics_274239098,events_intraday_20210904,table,,2021-09-04 02:25:29.058000+00:00,,,hubemployee-189ad:analytics_274239098.events_intraday_20210904,,,/projects/hubemployee-189ad/datasets/analytics_274239098/tables/events_intraday_20210904,hubemployee-189ad,hubemployee-189ad.analytics_274239098.events_intraday_20210904,,
analytics_274239098,events_intraday_20210905,table,,2021-09-05 03:32:17.643000+00:00,,,hubemployee-189ad:analytics_274239098.events_intraday_20210905,,,/projects/hubemployee-189ad/datasets/analytics_274239098/tables/events_intraday_20210905,hubemployee-189ad,hubemployee-189ad.analytics_274239098.events_intraday_20210905,,
analytics_274239098,events_intraday_20210906,table,,2021-09-06 02:19:22.700000+00:00,,,hubemployee-189ad:analytics_274239098.events_intraday_20210906,,,/projects/hubemployee-189ad/datasets/analytics_274239098/tables/events_intraday_20210906,hubemployee-189ad,hubemployee-189ad.analytics_274239098.events_intraday_20210906,,
analytics_274239098,events_intraday_20210907,table,,2021-09-07 11:38:10.289000+00:00,,,hubemployee-189ad:analytics_274239098.events_intraday_20210907,,,/projects/hubemployee-189ad/datasets/analytics_274239098/tables/events_intraday_20210907,hubemployee-189ad,hubemployee-189ad.analytics_274239098.events_intraday_20210907,,
analytics_274239098,events_intraday_20210908,table,,2021-09-08 03:31:10.746000+00:00,,,hubemployee-189ad:analytics_274239098.events_intraday_20210908,,,/projects/hubemployee-189ad/datasets/analytics_274239098/tables/events_intraday_20210908,hubemployee-189ad,hubemployee-189ad.analytics_274239098.events_intraday_20210908,,
analytics_274239098,events_intraday_20210909,table,,2021-09-09 02:59:32.803000+00:00,,,hubemployee-189ad:analytics_274239098.events_intraday_20210909,,,/projects/hubemployee-189ad/datasets/analytics_274239098/tables/events_intraday_20210909,hubemployee-189ad,hubemployee-189ad.analytics_274239098.events_intraday_20210909,,
analytics_274239098,events_intraday_20210910,table,,2021-09-10 05:10:56.502000+00:00,,,hubemployee-189ad:analytics_274239098.events_intraday_20210910,,,/projects/hubemployee-189ad/datasets/analytics_274239098/tables/events_intraday_20210910,hubemployee-189ad,hubemployee-189ad.analytics_274239098.events_intraday_20210910,,
analytics_274239098,events_intraday_20210911,table,,2021-09-11 02:30:02.199000+00:00,,,hubemployee-189ad:analytics_274239098.events_intraday_20210911,,,/projects/hubemployee-189ad/datasets/analytics_274239098/tables/events_intraday_20210911,hubemployee-189ad,hubemployee-189ad.analytics_274239098.events_intraday_20210911,,
analytics_274239098,events_intraday_20210912,table,,2021-09-12 02:31:50.752000+00:00,,,hubemployee-189ad:analytics_274239098.events_intraday_20210912,,,/projects/hubemployee-189ad/datasets/analytics_274239098/tables/events_intraday_20210912,hubemployee-189ad,hubemployee-189ad.analytics_274239098.events_intraday_20210912,,
analytics_274239098,events_intraday_20210913,table,,2021-09-13 03:41:38.941000+00:00,,,hubemployee-189ad:analytics_274239098.events_intraday_20210913,,,/projects/hubemployee-189ad/datasets/analytics_274239098/tables/events_intraday_20210913,hubemployee-189ad,hubemployee-189ad.analytics_274239098.events_intraday_20210913,,
analytics_274239098,events_intraday_20210914,table,,2021-09-14 04:48:30.689000+00:00,,,hubemployee-189ad:analytics_274239098.events_intraday_20210914,,,/projects/hubemployee-189ad/datasets/analytics_274239098/tables/events_intraday_20210914,hubemployee-189ad,hubemployee-189ad.analytics_274239098.events_intraday_20210914,,
analytics_274239098,events_intraday_20210915,table,,2021-09-15 04:29:56.708000+00:00,,,hubemployee-189ad:analytics_274239098.events_intraday_20210915,,,/projects/hubemployee-189ad/datasets/analytics_274239098/tables/events_intraday_20210915,hubemployee-189ad,hubemployee-189ad.analytics_274239098.events_intraday_20210915,,
analytics_274239098,events_intraday_20210916,table,,2021-09-16 03:15:37.521000+00:00,,,hubemployee-189ad:analytics_274239098.events_intraday_20210916,,,/projects/hubemployee-189ad/datasets/analytics_274239098/tables/events_intraday_20210916,hubemployee-189ad,hubemployee-189ad.analytics_274239098.events_intraday_20210916,,
analytics_274239098,events_intraday_20210917,table,,2021-09-17 02:07:53.704000+00:00,,,hubemployee-189ad:analytics_274239098.events_intraday_20210917,,,/projects/hubemployee-189ad/datasets/analytics_274239098/tables/events_intraday_20210917,hubemployee-189ad,hubemployee-189ad.analytics_274239098.events_intraday_20210917,,
analytics_274239098,events_intraday_20210918,table,,2021-09-18 07:15:25.557000+00:00,,,hubemployee-189ad:analytics_274239098.events_intraday_20210918,,,/projects/hubemployee-189ad/datasets/analytics_274239098/tables/events_intraday_20210918,hubemployee-189ad,hubemployee-189ad.analytics_274239098.events_intraday_20210918,,
analytics_274239098,events_intraday_20210920,table,,2021-09-20 03:01:38.638000+00:00,,,hubemployee-189ad:analytics_274239098.events_intraday_20210920,,,/projects/hubemployee-189ad/datasets/analytics_274239098/tables/events_intraday_20210920,hubemployee-189ad,hubemployee-189ad.analytics_274239098.events_intraday_20210920,,
analytics_274239098,events_intraday_20210921,table,,2021-09-21 03:12:50.921000+00:00,,,hubemployee-189ad:analytics_274239098.events_intraday_20210921,,,/projects/hubemployee-189ad/datasets/analytics_274239098/tables/events_intraday_20210921,hubemployee-189ad,hubemployee-189ad.analytics_274239098.events_intraday_20210921,,
analytics_274239098,events_intraday_20210922,table,,2021-09-22 03:19:32.447000+00:00,,,hubemployee-189ad:analytics_274239098.events_intraday_20210922,,,/projects/hubemployee-189ad/datasets/analytics_274239098/tables/events_intraday_20210922,hubemployee-189ad,hubemployee-189ad.analytics_274239098.events_intraday_20210922,,
analytics_274239098,events_intraday_20210923,table,,2021-09-23 03:16:42.033000+00:00,,,hubemployee-189ad:analytics_274239098.events_intraday_20210923,,,/projects/hubemployee-189ad/datasets/analytics_274239098/tables/events_intraday_20210923,hubemployee-189ad,hubemployee-189ad.analytics_274239098.events_intraday_20210923,,
analytics_274239098,events_intraday_20210925,table,,2021-09-25 02:29:08.469000+00:00,,,hubemployee-189ad:analytics_274239098.events_intraday_20210925,,,/projects/hubemployee-189ad/datasets/analytics_274239098/tables/events_intraday_20210925,hubemployee-189ad,hubemployee-189ad.analytics_274239098.events_intraday_20210925,,
analytics_274239098,events_intraday_20210927,table,,2021-09-27 05:26:11.693000+00:00,,,hubemployee-189ad:analytics_274239098.events_intraday_20210927,,,/projects/hubemployee-189ad/datasets/analytics_274239098/tables/events_intraday_20210927,hubemployee-189ad,hubemployee-189ad.analytics_274239098.events_intraday_20210927,,
analytics_274239098,events_intraday_20210929,table,,2021-09-29 05:59:58.030000+00:00,,,hubemployee-189ad:analytics_274239098.events_intraday_20210929,,,/projects/hubemployee-189ad/datasets/analytics_274239098/tables/events_intraday_20210929,hubemployee-189ad,hubemployee-189ad.analytics_274239098.events_intraday_20210929,,
analytics_274239098,events_intraday_20210930,table,,2021-09-30 07:07:59.973000+00:00,,,hubemployee-189ad:analytics_274239098.events_intraday_20210930,,,/projects/hubemployee-189ad/datasets/analytics_274239098/tables/events_intraday_20210930,hubemployee-189ad,hubemployee-189ad.analytics_274239098.events_intraday_20210930,,
analytics_274239098,events_intraday_20211002,table,,2021-10-02 02:24:25.567000+00:00,,,hubemployee-189ad:analytics_274239098.events_intraday_20211002,,,/projects/hubemployee-189ad/datasets/analytics_274239098/tables/events_intraday_20211002,hubemployee-189ad,hubemployee-189ad.analytics_274239098.events_intraday_20211002,,
analytics_274239098,events_intraday_20211003,table,,2021-10-03 04:38:47.496000+00:00,,,hubemployee-189ad:analytics_274239098.events_intraday_20211003,,,/projects/hubemployee-189ad/datasets/analytics_274239098/tables/events_intraday_20211003,hubemployee-189ad,hubemployee-189ad.analytics_274239098.events_intraday_20211003,,
analytics_274239098,events_intraday_20211004,table,,2021-10-04 15:05:49.022000+00:00,,,hubemployee-189ad:analytics_274239098.events_intraday_20211004,,,/projects/hubemployee-189ad/datasets/analytics_274239098/tables/events_intraday_20211004,hubemployee-189ad,hubemployee-189ad.analytics_274239098.events_intraday_20211004,,
analytics_274239098,events_intraday_20211005,table,,2021-10-05 03:10:03.634000+00:00,,,hubemployee-189ad:analytics_274239098.events_intraday_20211005,,,/projects/hubemployee-189ad/datasets/analytics_274239098/tables/events_intraday_20211005,hubemployee-189ad,hubemployee-189ad.analytics_274239098.events_intraday_20211005,,
analytics_274239098,events_intraday_20211009,table,,2021-10-09 04:00:50.801000+00:00,,,hubemployee-189ad:analytics_274239098.events_intraday_20211009,,,/projects/hubemployee-189ad/datasets/analytics_274239098/tables/events_intraday_20211009,hubemployee-189ad,hubemployee-189ad.analytics_274239098.events_intraday_20211009,,
analytics_274239098,events_intraday_20211011,table,,2021-10-11 07:15:51.273000+00:00,,,hubemployee-189ad:analytics_274239098.events_intraday_20211011,,,/projects/hubemployee-189ad/datasets/analytics_274239098/tables/events_intraday_20211011,hubemployee-189ad,hubemployee-189ad.analytics_274239098.events_intraday_20211011,,
analytics_274239098,events_intraday_20211012,table,,2021-10-12 03:01:12.814000+00:00,,,hubemployee-189ad:analytics_274239098.events_intraday_20211012,,,/projects/hubemployee-189ad/datasets/analytics_274239098/tables/events_intraday_20211012,hubemployee-189ad,hubemployee-189ad.analytics_274239098.events_intraday_20211012,,
analytics_274239098,events_intraday_20211014,table,,2021-10-14 02:46:51.754000+00:00,,,hubemployee-189ad:analytics_274239098.events_intraday_20211014,,,/projects/hubemployee-189ad/datasets/analytics_274239098/tables/events_intraday_20211014,hubemployee-189ad,hubemployee-189ad.analytics_274239098.events_intraday_20211014,,
analytics_274239098,events_intraday_20211016,table,,2021-10-16 06:18:26.711000+00:00,,,hubemployee-189ad:analytics_274239098.events_intraday_20211016,,,/projects/hubemployee-189ad/datasets/analytics_274239098/tables/events_intraday_20211016,hubemployee-189ad,hubemployee-189ad.analytics_274239098.events_intraday_20211016,,
analytics_274239098,events_intraday_20211018,table,,2021-10-18 10:35:32.869000+00:00,,,hubemployee-189ad:analytics_274239098.events_intraday_20211018,,,/projects/hubemployee-189ad/datasets/analytics_274239098/tables/events_intraday_20211018,hubemployee-189ad,hubemployee-189ad.analytics_274239098.events_intraday_20211018,,
analytics_274239098,events_intraday_20211019,table,,2021-10-19 03:28:49.428000+00:00,,,hubemployee-189ad:analytics_274239098.events_intraday_20211019,,,/projects/hubemployee-189ad/datasets/analytics_274239098/tables/events_intraday_20211019,hubemployee-189ad,hubemployee-189ad.analytics_274239098.events_intraday_20211019,,
analytics_274239098,events_intraday_20211025,table,,2021-10-25 04:39:50.737000+00:00,,,hubemployee-189ad:analytics_274239098.events_intraday_20211025,,,/projects/hubemployee-189ad/datasets/analytics_274239098/tables/events_intraday_20211025,hubemployee-189ad,hubemployee-189ad.analytics_274239098.events_intraday_20211025,,
analytics_274239098,events_intraday_20211026,table,,2021-10-26 03:36:27.208000+00:00,,,hubemployee-189ad:analytics_274239098.events_intraday_20211026,,,/projects/hubemployee-189ad/datasets/analytics_274239098/tables/events_intraday_20211026,hubemployee-189ad,hubemployee-189ad.analytics_274239098.events_intraday_20211026,,
analytics_274239098,events_intraday_20211027,table,,2021-10-27 03:36:37.144000+00:00,,,hubemployee-189ad:analytics_274239098.events_intraday_20211027,,,/projects/hubemployee-189ad/datasets/analytics_274239098/tables/events_intraday_20211027,hubemployee-189ad,hubemployee-189ad.analytics_274239098.events_intraday_20211027,,
analytics_274239098,events_intraday_20211028,table,,2021-10-28 03:55:58.991000+00:00,,,hubemployee-189ad:analytics_274239098.events_intraday_20211028,,,/projects/hubemployee-189ad/datasets/analytics_274239098/tables/events_intraday_20211028,hubemployee-189ad,hubemployee-189ad.analytics_274239098.events_intraday_20211028,,
analytics_274239098,events_intraday_20211029,table,,2021-10-29 03:13:04.886000+00:00,,,hubemployee-189ad:analytics_274239098.events_intraday_20211029,,,/projects/hubemployee-189ad/datasets/analytics_274239098/tables/events_intraday_20211029,hubemployee-189ad,hubemployee-189ad.analytics_274239098.events_intraday_20211029,,
analytics_274239098,events_intraday_20211030,table,,2021-10-30 04:47:02.936000+00:00,,,hubemployee-189ad:analytics_274239098.events_intraday_20211030,,,/projects/hubemployee-189ad/datasets/analytics_274239098/tables/events_intraday_20211030,hubemployee-189ad,hubemployee-189ad.analytics_274239098.events_intraday_20211030,,
analytics_274239098,events_intraday_20211031,table,,2021-10-31 11:01:49.772000+00:00,,,hubemployee-189ad:analytics_274239098.events_intraday_20211031,,,/projects/hubemployee-189ad/datasets/analytics_274239098/tables/events_intraday_20211031,hubemployee-189ad,hubemployee-189ad.analytics_274239098.events_intraday_20211031,,
analytics_274239098,events_intraday_20211101,table,,2021-11-01 16:25:08.937000+00:00,,,hubemployee-189ad:analytics_274239098.events_intraday_20211101,,,/projects/hubemployee-189ad/datasets/analytics_274239098/tables/events_intraday_20211101,hubemployee-189ad,hubemployee-189ad.analytics_274239098.events_intraday_20211101,,
analytics_274239098,events_intraday_20211102,table,,2021-11-02 03:58:07.062000+00:00,,,hubemployee-189ad:analytics_274239098.events_intraday_20211102,,,/projects/hubemployee-189ad/datasets/analytics_274239098/tables/events_intraday_20211102,hubemployee-189ad,hubemployee-189ad.analytics_274239098.events_intraday_20211102,,
analytics_274239098,events_intraday_20211103,table,,2021-11-03 03:23:23.530000+00:00,,,hubemployee-189ad:analytics_274239098.events_intraday_20211103,,,/projects/hubemployee-189ad/datasets/analytics_274239098/tables/events_intraday_20211103,hubemployee-189ad,hubemployee-189ad.analytics_274239098.events_intraday_20211103,,
analytics_274239098,events_intraday_20211105,table,,2021-11-05 06:46:39.285000+00:00,,,hubemployee-189ad:analytics_274239098.events_intraday_20211105,,,/projects/hubemployee-189ad/datasets/analytics_274239098/tables/events_intraday_20211105,hubemployee-189ad,hubemployee-189ad.analytics_274239098.events_intraday_20211105,,
analytics_274239098,events_intraday_20211106,table,,2021-11-06 04:13:53.620000+00:00,,,hubemployee-189ad:analytics_274239098.events_intraday_20211106,,,/projects/hubemployee-189ad/datasets/analytics_274239098/tables/events_intraday_20211106,hubemployee-189ad,hubemployee-189ad.analytics_274239098.events_intraday_20211106,,
analytics_274239098,events_intraday_20211107,table,,2021-11-07 04:59:35.283000+00:00,,,hubemployee-189ad:analytics_274239098.events_intraday_20211107,,,/projects/hubemployee-189ad/datasets/analytics_274239098/tables/events_intraday_20211107,hubemployee-189ad,hubemployee-189ad.analytics_274239098.events_intraday_20211107,,
analytics_274239098,events_intraday_20211109,table,,2021-11-09 03:10:38.014000+00:00,,,hubemployee-189ad:analytics_274239098.events_intraday_20211109,,,/projects/hubemployee-189ad/datasets/analytics_274239098/tables/events_intraday_20211109,hubemployee-189ad,hubemployee-189ad.analytics_274239098.events_intraday_20211109,,
analytics_274239098,events_intraday_20211111,table,,2021-11-11 04:30:01.379000+00:00,,,hubemployee-189ad:analytics_274239098.events_intraday_20211111,,,/projects/hubemployee-189ad/datasets/analytics_274239098/tables/events_intraday_20211111,hubemployee-189ad,hubemployee-189ad.analytics_274239098.events_intraday_20211111,,
analytics_274239098,events_intraday_20211112,table,,2021-11-12 04:13:02.654000+00:00,,,hubemployee-189ad:analytics_274239098.events_intraday_20211112,,,/projects/hubemployee-189ad/datasets/analytics_274239098/tables/events_intraday_20211112,hubemployee-189ad,hubemployee-189ad.analytics_274239098.events_intraday_20211112,,
analytics_274239098,events_intraday_20211113,table,,2021-11-13 10:38:49.092000+00:00,,,hubemployee-189ad:analytics_274239098.events_intraday_20211113,,,/projects/hubemployee-189ad/datasets/analytics_274239098/tables/events_intraday_20211113,hubemployee-189ad,hubemployee-189ad.analytics_274239098.events_intraday_20211113,,
analytics_274239098,events_intraday_20211114,table,,2021-11-14 03:00:10.016000+00:00,,,hubemployee-189ad:analytics_274239098.events_intraday_20211114,,,/projects/hubemployee-189ad/datasets/analytics_274239098/tables/events_intraday_20211114,hubemployee-189ad,hubemployee-189ad.analytics_274239098.events_intraday_20211114,,
analytics_274239098,events_intraday_20211115,table,,2021-11-15 17:36:07.608000+00:00,,,hubemployee-189ad:analytics_274239098.events_intraday_20211115,,,/projects/hubemployee-189ad/datasets/analytics_274239098/tables/events_intraday_20211115,hubemployee-189ad,hubemployee-189ad.analytics_274239098.events_intraday_20211115,,
analytics_274239098,events_intraday_20211116,table,,2021-11-16 06:47:56.592000+00:00,,,hubemployee-189ad:analytics_274239098.events_intraday_20211116,,,/projects/hubemployee-189ad/datasets/analytics_274239098/tables/events_intraday_20211116,hubemployee-189ad,hubemployee-189ad.analytics_274239098.events_intraday_20211116,,
analytics_274239098,events_intraday_20211118,table,,2021-11-18 07:17:27.326000+00:00,,,hubemployee-189ad:analytics_274239098.events_intraday_20211118,,,/projects/hubemployee-189ad/datasets/analytics_274239098/tables/events_intraday_20211118,hubemployee-189ad,hubemployee-189ad.analytics_274239098.events_intraday_20211118,,
analytics_274239098,events_intraday_20211119,table,,2021-11-19 09:29:51.940000+00:00,,,hubemployee-189ad:analytics_274239098.events_intraday_20211119,,,/projects/hubemployee-189ad/datasets/analytics_274239098/tables/events_intraday_20211119,hubemployee-189ad,hubemployee-189ad.analytics_274239098.events_intraday_20211119,,
analytics_274239098,events_intraday_20211120,table,,2021-11-20 03:30:29.154000+00:00,,,hubemployee-189ad:analytics_274239098.events_intraday_20211120,,,/projects/hubemployee-189ad/datasets/analytics_274239098/tables/events_intraday_20211120,hubemployee-189ad,hubemployee-189ad.analytics_274239098.events_intraday_20211120,,
analytics_274239098,events_intraday_20211123,table,,2021-11-23 09:10:15.858000+00:00,,,hubemployee-189ad:analytics_274239098.events_intraday_20211123,,,/projects/hubemployee-189ad/datasets/analytics_274239098/tables/events_intraday_20211123,hubemployee-189ad,hubemployee-189ad.analytics_274239098.events_intraday_20211123,,
analytics_274239098,events_intraday_20211124,table,,2021-11-24 03:53:29.051000+00:00,,,hubemployee-189ad:analytics_274239098.events_intraday_20211124,,,/projects/hubemployee-189ad/datasets/analytics_274239098/tables/events_intraday_20211124,hubemployee-189ad,hubemployee-189ad.analytics_274239098.events_intraday_20211124,,
analytics_274239098,events_intraday_20211128,table,,2021-11-28 03:52:28.042000+00:00,,,hubemployee-189ad:analytics_274239098.events_intraday_20211128,,,/projects/hubemployee-189ad/datasets/analytics_274239098/tables/events_intraday_20211128,hubemployee-189ad,hubemployee-189ad.analytics_274239098.events_intraday_20211128,,
analytics_274239098,events_intraday_20211129,table,,2021-11-29 11:32:01.465000+00:00,,,hubemployee-189ad:analytics_274239098.events_intraday_20211129,,,/projects/hubemployee-189ad/datasets/analytics_274239098/tables/events_intraday_20211129,hubemployee-189ad,hubemployee-189ad.analytics_274239098.events_intraday_20211129,,
analytics_274239098,events_intraday_20211130,table,,2021-11-30 07:08:54.097000+00:00,,,hubemployee-189ad:analytics_274239098.events_intraday_20211130,,,/projects/hubemployee-189ad/datasets/analytics_274239098/tables/events_intraday_20211130,hubemployee-189ad,hubemployee-189ad.analytics_274239098.events_intraday_20211130,,
analytics_274239098,events_intraday_20211202,table,,2021-12-02 07:27:35.861000+00:00,,,hubemployee-189ad:analytics_274239098.events_intraday_20211202,,,/projects/hubemployee-189ad/datasets/analytics_274239098/tables/events_intraday_20211202,hubemployee-189ad,hubemployee-189ad.analytics_274239098.events_intraday_20211202,,
analytics_274239098,events_intraday_20211206,table,,2021-12-06 10:43:45.842000+00:00,,,hubemployee-189ad:analytics_274239098.events_intraday_20211206,,,/projects/hubemployee-189ad/datasets/analytics_274239098/tables/events_intraday_20211206,hubemployee-189ad,hubemployee-189ad.analytics_274239098.events_intraday_20211206,,
analytics_274239098,events_intraday_20211211,table,,2021-12-11 06:58:10.897000+00:00,,,hubemployee-189ad:analytics_274239098.events_intraday_20211211,,,/projects/hubemployee-189ad/datasets/analytics_274239098/tables/events_intraday_20211211,hubemployee-189ad,hubemployee-189ad.analytics_274239098.events_intraday_20211211,,
analytics_274239098,events_intraday_20211218,table,,2021-12-18 04:19:33.031000+00:00,,,hubemployee-189ad:analytics_274239098.events_intraday_20211218,,,/projects/hubemployee-189ad/datasets/analytics_274239098/tables/events_intraday_20211218,hubemployee-189ad,hubemployee-189ad.analytics_274239098.events_intraday_20211218,,
analytics_274239098,events_intraday_20211228,table,,2021-12-28 16:31:17.583000+00:00,,,hubemployee-189ad:analytics_274239098.events_intraday_20211228,,,/projects/hubemployee-189ad/datasets/analytics_274239098/tables/events_intraday_20211228,hubemployee-189ad,hubemployee-189ad.analytics_274239098.events_intraday_20211228,,
analytics_274239098,events_intraday_20211229,table,,2021-12-29 05:57:24.378000+00:00,,,hubemployee-189ad:analytics_274239098.events_intraday_20211229,,,/projects/hubemployee-189ad/datasets/analytics_274239098/tables/events_intraday_20211229,hubemployee-189ad,hubemployee-189ad.analytics_274239098.events_intraday_20211229,,
analytics_274239098,events_intraday_20220104,table,,2022-01-04 16:32:06.294000+00:00,,,hubemployee-189ad:analytics_274239098.events_intraday_20220104,,,/projects/hubemployee-189ad/datasets/analytics_274239098/tables/events_intraday_20220104,hubemployee-189ad,hubemployee-189ad.analytics_274239098.events_intraday_20220104,,
analytics_274239098,events_intraday_20220105,table,,2022-01-05 06:36:45.580000+00:00,,,hubemployee-189ad:analytics_274239098.events_intraday_20220105,,,/projects/hubemployee-189ad/datasets/analytics_274239098/tables/events_intraday_20220105,hubemployee-189ad,hubemployee-189ad.analytics_274239098.events_intraday_20220105,,
analytics_274239098,events_intraday_20220106,table,,2022-01-06 07:55:11.003000+00:00,,,hubemployee-189ad:analytics_274239098.events_intraday_20220106,,,/projects/hubemployee-189ad/datasets/analytics_274239098/tables/events_intraday_20220106,hubemployee-189ad,hubemployee-189ad.analytics_274239098.events_intraday_20220106,,
analytics_274239098,events_intraday_20220109,table,,2022-01-09 04:55:16.607000+00:00,,,hubemployee-189ad:analytics_274239098.events_intraday_20220109,,,/projects/hubemployee-189ad/datasets/analytics_274239098/tables/events_intraday_20220109,hubemployee-189ad,hubemployee-189ad.analytics_274239098.events_intraday_20220109,,
analytics_274239098,events_intraday_20220112,table,,2022-01-12 16:35:46.910000+00:00,,,hubemployee-189ad:analytics_274239098.events_intraday_20220112,,,/projects/hubemployee-189ad/datasets/analytics_274239098/tables/events_intraday_20220112,hubemployee-189ad,hubemployee-189ad.analytics_274239098.events_intraday_20220112,,
analytics_274239098,events_intraday_20220113,table,,2022-01-13 08:57:04.636000+00:00,,,hubemployee-189ad:analytics_274239098.events_intraday_20220113,,,/projects/hubemployee-189ad/datasets/analytics_274239098/tables/events_intraday_20220113,hubemployee-189ad,hubemployee-189ad.analytics_274239098.events_intraday_20220113,,
analytics_274239098,events_intraday_20220114,table,,2022-01-14 03:27:06.119000+00:00,,,hubemployee-189ad:analytics_274239098.events_intraday_20220114,,,/projects/hubemployee-189ad/datasets/analytics_274239098/tables/events_intraday_20220114,hubemployee-189ad,hubemployee-189ad.analytics_274239098.events_intraday_20220114,,
analytics_274239098,events_intraday_20220116,table,,2022-01-16 10:04:18.822000+00:00,,,hubemployee-189ad:analytics_274239098.events_intraday_20220116,,,/projects/hubemployee-189ad/datasets/analytics_274239098/tables/events_intraday_20220116,hubemployee-189ad,hubemployee-189ad.analytics_274239098.events_intraday_20220116,,
analytics_274239098,events_intraday_20220117,table,,2022-01-17 07:00:20.247000+00:00,,,hubemployee-189ad:analytics_274239098.events_intraday_20220117,,,/projects/hubemployee-189ad/datasets/analytics_274239098/tables/events_intraday_20220117,hubemployee-189ad,hubemployee-189ad.analytics_274239098.events_intraday_20220117,,
analytics_274239098,events_intraday_20220119,table,,2022-01-19 08:09:43.877000+00:00,,,hubemployee-189ad:analytics_274239098.events_intraday_20220119,,,/projects/hubemployee-189ad/datasets/analytics_274239098/tables/events_intraday_20220119,hubemployee-189ad,hubemployee-189ad.analytics_274239098.events_intraday_20220119,,
analytics_274239098,events_intraday_20220121,table,,2022-01-21 18:08:27.106000+00:00,,,hubemployee-189ad:analytics_274239098.events_intraday_20220121,,,/projects/hubemployee-189ad/datasets/analytics_274239098/tables/events_intraday_20220121,hubemployee-189ad,hubemployee-189ad.analytics_274239098.events_intraday_20220121,,
analytics_274239098,events_intraday_20220125,table,,2022-01-25 17:22:58.655000+00:00,,,hubemployee-189ad:analytics_274239098.events_intraday_20220125,,,/projects/hubemployee-189ad/datasets/analytics_274239098/tables/events_intraday_20220125,hubemployee-189ad,hubemployee-189ad.analytics_274239098.events_intraday_20220125,,
analytics_274239098,events_intraday_20220126,table,,2022-01-26 13:12:10.044000+00:00,,,hubemployee-189ad:analytics_274239098.events_intraday_20220126,,,/projects/hubemployee-189ad/datasets/analytics_274239098/tables/events_intraday_20220126,hubemployee-189ad,hubemployee-189ad.analytics_274239098.events_intraday_20220126,,
analytics_274239098,events_intraday_20220127,table,,2022-01-27 06:09:36.266000+00:00,,,hubemployee-189ad:analytics_274239098.events_intraday_20220127,,,/projects/hubemployee-189ad/datasets/analytics_274239098/tables/events_intraday_20220127,hubemployee-189ad,hubemployee-189ad.analytics_274239098.events_intraday_20220127,,
analytics_274239098,events_intraday_20220128,table,,2022-01-28 10:29:46.451000+00:00,,,hubemployee-189ad:analytics_274239098.events_intraday_20220128,,,/projects/hubemployee-189ad/datasets/analytics_274239098/tables/events_intraday_20220128,hubemployee-189ad,hubemployee-189ad.analytics_274239098.events_intraday_20220128,,
analytics_274239098,events_intraday_20220129,table,,2022-01-29 05:34:09.521000+00:00,,,hubemployee-189ad:analytics_274239098.events_intraday_20220129,,,/projects/hubemployee-189ad/datasets/analytics_274239098/tables/events_intraday_20220129,hubemployee-189ad,hubemployee-189ad.analytics_274239098.events_intraday_20220129,,
analytics_274239098,events_intraday_20220130,table,,2022-01-30 06:31:49.915000+00:00,,,hubemployee-189ad:analytics_274239098.events_intraday_20220130,,,/projects/hubemployee-189ad/datasets/analytics_274239098/tables/events_intraday_20220130,hubemployee-189ad,hubemployee-189ad.analytics_274239098.events_intraday_20220130,,
analytics_274239098,events_intraday_20220131,table,,2022-01-31 04:41:47.368000+00:00,,,hubemployee-189ad:analytics_274239098.events_intraday_20220131,,,/projects/hubemployee-189ad/datasets/analytics_274239098/tables/events_intraday_20220131,hubemployee-189ad,hubemployee-189ad.analytics_274239098.events_intraday_20220131,,
analytics_274239098,events_intraday_20220202,table,,2022-02-02 15:59:10.143000+00:00,,,hubemployee-189ad:analytics_274239098.events_intraday_20220202,,,/projects/hubemployee-189ad/datasets/analytics_274239098/tables/events_intraday_20220202,hubemployee-189ad,hubemployee-189ad.analytics_274239098.events_intraday_20220202,,
analytics_274239098,events_intraday_20220203,table,,2022-02-03 04:06:13.964000+00:00,,,hubemployee-189ad:analytics_274239098.events_intraday_20220203,,,/projects/hubemployee-189ad/datasets/analytics_274239098/tables/events_intraday_20220203,hubemployee-189ad,hubemployee-189ad.analytics_274239098.events_intraday_20220203,,
analytics_274239098,events_intraday_20220204,table,,2022-02-04 02:41:46.889000+00:00,,,hubemployee-189ad:analytics_274239098.events_intraday_20220204,,,/projects/hubemployee-189ad/datasets/analytics_274239098/tables/events_intraday_20220204,hubemployee-189ad,hubemployee-189ad.analytics_274239098.events_intraday_20220204,,
analytics_274239098,events_intraday_20220205,table,,2022-02-05 07:22:43.763000+00:00,,,hubemployee-189ad:analytics_274239098.events_intraday_20220205,,,/projects/hubemployee-189ad/datasets/analytics_274239098/tables/events_intraday_20220205,hubemployee-189ad,hubemployee-189ad.analytics_274239098.events_intraday_20220205,,
analytics_274239098,events_intraday_20220206,table,,2022-02-06 13:54:58.084000+00:00,,,hubemployee-189ad:analytics_274239098.events_intraday_20220206,,,/projects/hubemployee-189ad/datasets/analytics_274239098/tables/events_intraday_20220206,hubemployee-189ad,hubemployee-189ad.analytics_274239098.events_intraday_20220206,,
analytics_274239098,events_intraday_20220207,table,,2022-02-07 12:34:55.406000+00:00,,,hubemployee-189ad:analytics_274239098.events_intraday_20220207,,,/projects/hubemployee-189ad/datasets/analytics_274239098/tables/events_intraday_20220207,hubemployee-189ad,hubemployee-189ad.analytics_274239098.events_intraday_20220207,,
analytics_274239098,events_intraday_20220208,table,,2022-02-08 08:03:29.443000+00:00,,,hubemployee-189ad:analytics_274239098.events_intraday_20220208,,,/projects/hubemployee-189ad/datasets/analytics_274239098/tables/events_intraday_20220208,hubemployee-189ad,hubemployee-189ad.analytics_274239098.events_intraday_20220208,,
analytics_274239098,events_intraday_20220209,table,,2022-02-09 16:20:18.642000+00:00,,,hubemployee-189ad:analytics_274239098.events_intraday_20220209,,,/projects/hubemployee-189ad/datasets/analytics_274239098/tables/events_intraday_20220209,hubemployee-189ad,hubemployee-189ad.analytics_274239098.events_intraday_20220209,,
analytics_274239098,events_intraday_20220211,table,,2022-02-11 11:10:09.344000+00:00,,,hubemployee-189ad:analytics_274239098.events_intraday_20220211,,,/projects/hubemployee-189ad/datasets/analytics_274239098/tables/events_intraday_20220211,hubemployee-189ad,hubemployee-189ad.analytics_274239098.events_intraday_20220211,,
analytics_274239098,events_intraday_20220213,table,,2022-02-13 06:06:26.156000+00:00,,,hubemployee-189ad:analytics_274239098.events_intraday_20220213,,,/projects/hubemployee-189ad/datasets/analytics_274239098/tables/events_intraday_20220213,hubemployee-189ad,hubemployee-189ad.analytics_274239098.events_intraday_20220213,,
analytics_274239098,events_intraday_20220215,table,,2022-02-15 12:50:35.518000+00:00,,,hubemployee-189ad:analytics_274239098.events_intraday_20220215,,,/projects/hubemployee-189ad/datasets/analytics_274239098/tables/events_intraday_20220215,hubemployee-189ad,hubemployee-189ad.analytics_274239098.events_intraday_20220215,,
analytics_274239098,events_intraday_20220216,table,,2022-02-16 01:13:28.667000+00:00,,,hubemployee-189ad:analytics_274239098.events_intraday_20220216,,,/projects/hubemployee-189ad/datasets/analytics_274239098/tables/events_intraday_20220216,hubemployee-189ad,hubemployee-189ad.analytics_274239098.events_intraday_20220216,,
analytics_274239098,events_intraday_20220217,table,,2022-02-17 07:01:06.338000+00:00,,,hubemployee-189ad:analytics_274239098.events_intraday_20220217,,,/projects/hubemployee-189ad/datasets/analytics_274239098/tables/events_intraday_20220217,hubemployee-189ad,hubemployee-189ad.analytics_274239098.events_intraday_20220217,,
analytics_274239098,events_intraday_20220218,table,,2022-02-18 03:16:19.794000+00:00,,,hubemployee-189ad:analytics_274239098.events_intraday_20220218,,,/projects/hubemployee-189ad/datasets/analytics_274239098/tables/events_intraday_20220218,hubemployee-189ad,hubemployee-189ad.analytics_274239098.events_intraday_20220218,,
analytics_274239098,events_intraday_20220219,table,,2022-02-19 09:21:53.896000+00:00,,,hubemployee-189ad:analytics_274239098.events_intraday_20220219,,,/projects/hubemployee-189ad/datasets/analytics_274239098/tables/events_intraday_20220219,hubemployee-189ad,hubemployee-189ad.analytics_274239098.events_intraday_20220219,,
analytics_274239098,events_intraday_20220221,table,,2022-02-21 03:15:10.857000+00:00,,,hubemployee-189ad:analytics_274239098.events_intraday_20220221,,,/projects/hubemployee-189ad/datasets/analytics_274239098/tables/events_intraday_20220221,hubemployee-189ad,hubemployee-189ad.analytics_274239098.events_intraday_20220221,,
analytics_274239098,events_intraday_20220222,table,,2022-02-22 03:22:11.994000+00:00,,,hubemployee-189ad:analytics_274239098.events_intraday_20220222,,,/projects/hubemployee-189ad/datasets/analytics_274239098/tables/events_intraday_20220222,hubemployee-189ad,hubemployee-189ad.analytics_274239098.events_intraday_20220222,,
analytics_274239098,events_intraday_20220223,table,,2022-02-23 07:33:43.735000+00:00,,,hubemployee-189ad:analytics_274239098.events_intraday_20220223,,,/projects/hubemployee-189ad/datasets/analytics_274239098/tables/events_intraday_20220223,hubemployee-189ad,hubemployee-189ad.analytics_274239098.events_intraday_20220223,,
analytics_274239098,events_intraday_20220224,table,,2022-02-24 05:32:12.876000+00:00,,,hubemployee-189ad:analytics_274239098.events_intraday_20220224,,,/projects/hubemployee-189ad/datasets/analytics_274239098/tables/events_intraday_20220224,hubemployee-189ad,hubemployee-189ad.analytics_274239098.events_intraday_20220224,,
analytics_274239098,events_intraday_20220225,table,,2022-02-25 07:45:59.380000+00:00,,,hubemployee-189ad:analytics_274239098.events_intraday_20220225,,,/projects/hubemployee-189ad/datasets/analytics_274239098/tables/events_intraday_20220225,hubemployee-189ad,hubemployee-189ad.analytics_274239098.events_intraday_20220225,,
analytics_274239098,events_intraday_20220226,table,,2022-02-26 07:26:51.054000+00:00,,,hubemployee-189ad:analytics_274239098.events_intraday_20220226,,,/projects/hubemployee-189ad/datasets/analytics_274239098/tables/events_intraday_20220226,hubemployee-189ad,hubemployee-189ad.analytics_274239098.events_intraday_20220226,,
analytics_274239098,events_intraday_20220227,table,,2022-02-27 19:08:33.252000+00:00,,,hubemployee-189ad:analytics_274239098.events_intraday_20220227,,,/projects/hubemployee-189ad/datasets/analytics_274239098/tables/events_intraday_20220227,hubemployee-189ad,hubemployee-189ad.analytics_274239098.events_intraday_20220227,,
analytics_274239098,events_intraday_20220228,table,,2022-02-28 11:44:03.474000+00:00,,,hubemployee-189ad:analytics_274239098.events_intraday_20220228,,,/projects/hubemployee-189ad/datasets/analytics_274239098/tables/events_intraday_20220228,hubemployee-189ad,hubemployee-189ad.analytics_274239098.events_intraday_20220228,,
analytics_274239098,events_intraday_20220301,table,,2022-03-01 05:56:20.716000+00:00,,,hubemployee-189ad:analytics_274239098.events_intraday_20220301,,,/projects/hubemployee-189ad/datasets/analytics_274239098/tables/events_intraday_20220301,hubemployee-189ad,hubemployee-189ad.analytics_274239098.events_intraday_20220301,,
analytics_274239098,events_intraday_20220302,table,,2022-03-02 04:35:28.939000+00:00,,,hubemployee-189ad:analytics_274239098.events_intraday_20220302,,,/projects/hubemployee-189ad/datasets/analytics_274239098/tables/events_intraday_20220302,hubemployee-189ad,hubemployee-189ad.analytics_274239098.events_intraday_20220302,,
analytics_274239098,events_intraday_20220303,table,,2022-03-03 13:59:24.864000+00:00,,,hubemployee-189ad:analytics_274239098.events_intraday_20220303,,,/projects/hubemployee-189ad/datasets/analytics_274239098/tables/events_intraday_20220303,hubemployee-189ad,hubemployee-189ad.analytics_274239098.events_intraday_20220303,,
analytics_274239098,events_intraday_20220304,table,,2022-03-04 03:00:28.352000+00:00,,,hubemployee-189ad:analytics_274239098.events_intraday_20220304,,,/projects/hubemployee-189ad/datasets/analytics_274239098/tables/events_intraday_20220304,hubemployee-189ad,hubemployee-189ad.analytics_274239098.events_intraday_20220304,,
analytics_274239098,events_intraday_20220305,table,,2022-03-05 05:23:44.688000+00:00,,,hubemployee-189ad:analytics_274239098.events_intraday_20220305,,,/projects/hubemployee-189ad/datasets/analytics_274239098/tables/events_intraday_20220305,hubemployee-189ad,hubemployee-189ad.analytics_274239098.events_intraday_20220305,,
analytics_274239098,events_intraday_20220306,table,,2022-03-06 06:51:08.574000+00:00,,,hubemployee-189ad:analytics_274239098.events_intraday_20220306,,,/projects/hubemployee-189ad/datasets/analytics_274239098/tables/events_intraday_20220306,hubemployee-189ad,hubemployee-189ad.analytics_274239098.events_intraday_20220306,,
analytics_274239098,events_intraday_20220307,table,,2022-03-07 04:09:28.272000+00:00,,,hubemployee-189ad:analytics_274239098.events_intraday_20220307,,,/projects/hubemployee-189ad/datasets/analytics_274239098/tables/events_intraday_20220307,hubemployee-189ad,hubemployee-189ad.analytics_274239098.events_intraday_20220307,,
analytics_274239098,events_intraday_20220308,table,,2022-03-08 02:22:25.999000+00:00,,,hubemployee-189ad:analytics_274239098.events_intraday_20220308,,,/projects/hubemployee-189ad/datasets/analytics_274239098/tables/events_intraday_20220308,hubemployee-189ad,hubemployee-189ad.analytics_274239098.events_intraday_20220308,,
analytics_274239098,events_intraday_20220309,table,,2022-03-09 04:16:08.087000+00:00,,,hubemployee-189ad:analytics_274239098.events_intraday_20220309,,,/projects/hubemployee-189ad/datasets/analytics_274239098/tables/events_intraday_20220309,hubemployee-189ad,hubemployee-189ad.analytics_274239098.events_intraday_20220309,,
analytics_274239098,events_intraday_20220310,table,,2022-03-10 08:01:25.334000+00:00,,,hubemployee-189ad:analytics_274239098.events_intraday_20220310,,,/projects/hubemployee-189ad/datasets/analytics_274239098/tables/events_intraday_20220310,hubemployee-189ad,hubemployee-189ad.analytics_274239098.events_intraday_20220310,,
analytics_274239098,events_intraday_20220311,table,,2022-03-11 07:44:26.055000+00:00,,,hubemployee-189ad:analytics_274239098.events_intraday_20220311,,,/projects/hubemployee-189ad/datasets/analytics_274239098/tables/events_intraday_20220311,hubemployee-189ad,hubemployee-189ad.analytics_274239098.events_intraday_20220311,,
analytics_274239098,events_intraday_20220312,table,,2022-03-12 05:54:19.178000+00:00,,,hubemployee-189ad:analytics_274239098.events_intraday_20220312,,,/projects/hubemployee-189ad/datasets/analytics_274239098/tables/events_intraday_20220312,hubemployee-189ad,hubemployee-189ad.analytics_274239098.events_intraday_20220312,,
analytics_274239098,events_intraday_20220313,table,,2022-03-13 00:51:56.783000+00:00,,,hubemployee-189ad:analytics_274239098.events_intraday_20220313,,,/projects/hubemployee-189ad/datasets/analytics_274239098/tables/events_intraday_20220313,hubemployee-189ad,hubemployee-189ad.analytics_274239098.events_intraday_20220313,,
analytics_274239098,events_intraday_20220314,table,,2022-03-14 00:00:17.226000+00:00,,,hubemployee-189ad:analytics_274239098.events_intraday_20220314,,,/projects/hubemployee-189ad/datasets/analytics_274239098/tables/events_intraday_20220314,hubemployee-189ad,hubemployee-189ad.analytics_274239098.events_intraday_20220314,,
analytics_274239098,events_intraday_20220315,table,,2022-03-15 00:02:44.652000+00:00,,,hubemployee-189ad:analytics_274239098.events_intraday_20220315,,,/projects/hubemployee-189ad/datasets/analytics_274239098/tables/events_intraday_20220315,hubemployee-189ad,hubemployee-189ad.analytics_274239098.events_intraday_20220315,,
analytics_274239098,events_intraday_20220316,table,,2022-03-16 00:20:56.634000+00:00,,,hubemployee-189ad:analytics_274239098.events_intraday_20220316,,,/projects/hubemployee-189ad/datasets/analytics_274239098/tables/events_intraday_20220316,hubemployee-189ad,hubemployee-189ad.analytics_274239098.events_intraday_20220316,,
analytics_274239098,events_intraday_20220317,table,,2022-03-17 00:09:04.853000+00:00,,,hubemployee-189ad:analytics_274239098.events_intraday_20220317,,,/projects/hubemployee-189ad/datasets/analytics_274239098/tables/events_intraday_20220317,hubemployee-189ad,hubemployee-189ad.analytics_274239098.events_intraday_20220317,,
analytics_274239098,events_intraday_20220319,table,,2022-03-19 05:14:02.434000+00:00,,,hubemployee-189ad:analytics_274239098.events_intraday_20220319,,,/projects/hubemployee-189ad/datasets/analytics_274239098/tables/events_intraday_20220319,hubemployee-189ad,hubemployee-189ad.analytics_274239098.events_intraday_20220319,,
analytics_274239098,events_intraday_20220320,table,,2022-03-20 06:44:20.119000+00:00,,,hubemployee-189ad:analytics_274239098.events_intraday_20220320,,,/projects/hubemployee-189ad/datasets/analytics_274239098/tables/events_intraday_20220320,hubemployee-189ad,hubemployee-189ad.analytics_274239098.events_intraday_20220320,,
analytics_274239098,events_intraday_20220321,table,,2022-03-21 05:38:38.353000+00:00,,,hubemployee-189ad:analytics_274239098.events_intraday_20220321,,,/projects/hubemployee-189ad/datasets/analytics_274239098/tables/events_intraday_20220321,hubemployee-189ad,hubemployee-189ad.analytics_274239098.events_intraday_20220321,,
analytics_274239098,events_intraday_20220322,table,,2022-03-22 09:16:25.488000+00:00,,,hubemployee-189ad:analytics_274239098.events_intraday_20220322,,,/projects/hubemployee-189ad/datasets/analytics_274239098/tables/events_intraday_20220322,hubemployee-189ad,hubemployee-189ad.analytics_274239098.events_intraday_20220322,,
analytics_274239098,events_intraday_20220323,table,,2022-03-23 05:26:39.871000+00:00,,,hubemployee-189ad:analytics_274239098.events_intraday_20220323,,,/projects/hubemployee-189ad/datasets/analytics_274239098/tables/events_intraday_20220323,hubemployee-189ad,hubemployee-189ad.analytics_274239098.events_intraday_20220323,,
analytics_274239098,events_intraday_20220324,table,,2022-03-24 00:08:24.276000+00:00,,,hubemployee-189ad:analytics_274239098.events_intraday_20220324,,,/projects/hubemployee-189ad/datasets/analytics_274239098/tables/events_intraday_20220324,hubemployee-189ad,hubemployee-189ad.analytics_274239098.events_intraday_20220324,,
analytics_274239098,events_intraday_20220325,table,,2022-03-25 01:33:58.016000+00:00,,,hubemployee-189ad:analytics_274239098.events_intraday_20220325,,,/projects/hubemployee-189ad/datasets/analytics_274239098/tables/events_intraday_20220325,hubemployee-189ad,hubemployee-189ad.analytics_274239098.events_intraday_20220325,,
analytics_274239098,events_intraday_20220326,table,,2022-03-26 00:35:11.445000+00:00,,,hubemployee-189ad:analytics_274239098.events_intraday_20220326,,,/projects/hubemployee-189ad/datasets/analytics_274239098/tables/events_intraday_20220326,hubemployee-189ad,hubemployee-189ad.analytics_274239098.events_intraday_20220326,,
analytics_274239098,events_intraday_20220327,table,,2022-03-27 01:14:13.267000+00:00,,,hubemployee-189ad:analytics_274239098.events_intraday_20220327,,,/projects/hubemployee-189ad/datasets/analytics_274239098/tables/events_intraday_20220327,hubemployee-189ad,hubemployee-189ad.analytics_274239098.events_intraday_20220327,,
analytics_274239098,events_intraday_20220328,table,,2022-03-28 02:29:15.430000+00:00,,,hubemployee-189ad:analytics_274239098.events_intraday_20220328,,,/projects/hubemployee-189ad/datasets/analytics_274239098/tables/events_intraday_20220328,hubemployee-189ad,hubemployee-189ad.analytics_274239098.events_intraday_20220328,,
analytics_274239098,events_intraday_20220329,table,,2022-03-29 06:01:48.245000+00:00,,,hubemployee-189ad:analytics_274239098.events_intraday_20220329,,,/projects/hubemployee-189ad/datasets/analytics_274239098/tables/events_intraday_20220329,hubemployee-189ad,hubemployee-189ad.analytics_274239098.events_intraday_20220329,,
analytics_274239098,events_intraday_20220330,table,,2022-03-30 00:10:13.593000+00:00,,,hubemployee-189ad:analytics_274239098.events_intraday_20220330,,,/projects/hubemployee-189ad/datasets/analytics_274239098/tables/events_intraday_20220330,hubemployee-189ad,hubemployee-189ad.analytics_274239098.events_intraday_20220330,,
analytics_274239098,events_intraday_20220331,table,,2022-03-31 05:43:11.821000+00:00,,,hubemployee-189ad:analytics_274239098.events_intraday_20220331,,,/projects/hubemployee-189ad/datasets/analytics_274239098/tables/events_intraday_20220331,hubemployee-189ad,hubemployee-189ad.analytics_274239098.events_intraday_20220331,,
analytics_274239098,events_intraday_20220401,table,,2022-04-01 00:03:47.551000+00:00,,,hubemployee-189ad:analytics_274239098.events_intraday_20220401,,,/projects/hubemployee-189ad/datasets/analytics_274239098/tables/events_intraday_20220401,hubemployee-189ad,hubemployee-189ad.analytics_274239098.events_intraday_20220401,,
analytics_274239098,events_intraday_20220402,table,,2022-04-02 01:08:23.034000+00:00,,,hubemployee-189ad:analytics_274239098.events_intraday_20220402,,,/projects/hubemployee-189ad/datasets/analytics_274239098/tables/events_intraday_20220402,hubemployee-189ad,hubemployee-189ad.analytics_274239098.events_intraday_20220402,,
analytics_274239098,events_intraday_20220403,table,,2022-04-03 02:42:02.124000+00:00,,,hubemployee-189ad:analytics_274239098.events_intraday_20220403,,,/projects/hubemployee-189ad/datasets/analytics_274239098/tables/events_intraday_20220403,hubemployee-189ad,hubemployee-189ad.analytics_274239098.events_intraday_20220403,,
analytics_274239098,events_intraday_20220404,table,,2022-04-04 00:27:30.180000+00:00,,,hubemployee-189ad:analytics_274239098.events_intraday_20220404,,,/projects/hubemployee-189ad/datasets/analytics_274239098/tables/events_intraday_20220404,hubemployee-189ad,hubemployee-189ad.analytics_274239098.events_intraday_20220404,,
analytics_274239098,events_intraday_20220405,table,,2022-04-05 00:09:31.820000+00:00,,,hubemployee-189ad:analytics_274239098.events_intraday_20220405,,,/projects/hubemployee-189ad/datasets/analytics_274239098/tables/events_intraday_20220405,hubemployee-189ad,hubemployee-189ad.analytics_274239098.events_intraday_20220405,,
analytics_274239098,events_intraday_20220406,table,,2022-04-06 01:14:50.996000+00:00,,,hubemployee-189ad:analytics_274239098.events_intraday_20220406,,,/projects/hubemployee-189ad/datasets/analytics_274239098/tables/events_intraday_20220406,hubemployee-189ad,hubemployee-189ad.analytics_274239098.events_intraday_20220406,,
analytics_274239098,events_intraday_20220407,table,,2022-04-07 01:22:31.448000+00:00,,,hubemployee-189ad:analytics_274239098.events_intraday_20220407,,,/projects/hubemployee-189ad/datasets/analytics_274239098/tables/events_intraday_20220407,hubemployee-189ad,hubemployee-189ad.analytics_274239098.events_intraday_20220407,,
analytics_274239098,events_intraday_20220408,table,,2022-04-08 02:55:17.755000+00:00,,,hubemployee-189ad:analytics_274239098.events_intraday_20220408,,,/projects/hubemployee-189ad/datasets/analytics_274239098/tables/events_intraday_20220408,hubemployee-189ad,hubemployee-189ad.analytics_274239098.events_intraday_20220408,,
analytics_274239098,events_intraday_20220409,table,,2022-04-09 05:27:07.575000+00:00,,,hubemployee-189ad:analytics_274239098.events_intraday_20220409,,,/projects/hubemployee-189ad/datasets/analytics_274239098/tables/events_intraday_20220409,hubemployee-189ad,hubemployee-189ad.analytics_274239098.events_intraday_20220409,,
analytics_274239098,events_intraday_20220410,table,,2022-04-10 02:37:26.621000+00:00,,,hubemployee-189ad:analytics_274239098.events_intraday_20220410,,,/projects/hubemployee-189ad/datasets/analytics_274239098/tables/events_intraday_20220410,hubemployee-189ad,hubemployee-189ad.analytics_274239098.events_intraday_20220410,,
analytics_274239098,events_intraday_20220411,table,,2022-04-11 00:37:47.465000+00:00,,,hubemployee-189ad:analytics_274239098.events_intraday_20220411,,,/projects/hubemployee-189ad/datasets/analytics_274239098/tables/events_intraday_20220411,hubemployee-189ad,hubemployee-189ad.analytics_274239098.events_intraday_20220411,,
analytics_274239098,events_intraday_20220412,table,,2022-04-12 04:01:36.715000+00:00,,,hubemployee-189ad:analytics_274239098.events_intraday_20220412,,,/projects/hubemployee-189ad/datasets/analytics_274239098/tables/events_intraday_20220412,hubemployee-189ad,hubemployee-189ad.analytics_274239098.events_intraday_20220412,,
analytics_274239098,events_intraday_20220413,table,,2022-04-13 02:28:25.755000+00:00,,,hubemployee-189ad:analytics_274239098.events_intraday_20220413,,,/projects/hubemployee-189ad/datasets/analytics_274239098/tables/events_intraday_20220413,hubemployee-189ad,hubemployee-189ad.analytics_274239098.events_intraday_20220413,,
analytics_274239098,events_intraday_20220414,table,,2022-04-14 03:05:45.588000+00:00,,,hubemployee-189ad:analytics_274239098.events_intraday_20220414,,,/projects/hubemployee-189ad/datasets/analytics_274239098/tables/events_intraday_20220414,hubemployee-189ad,hubemployee-189ad.analytics_274239098.events_intraday_20220414,,
analytics_274239098,events_intraday_20220415,table,,2022-04-15 02:03:09.407000+00:00,,,hubemployee-189ad:analytics_274239098.events_intraday_20220415,,,/projects/hubemployee-189ad/datasets/analytics_274239098/tables/events_intraday_20220415,hubemployee-189ad,hubemployee-189ad.analytics_274239098.events_intraday_20220415,,
analytics_274239098,events_intraday_20220416,table,,2022-04-16 11:02:28.720000+00:00,,,hubemployee-189ad:analytics_274239098.events_intraday_20220416,,,/projects/hubemployee-189ad/datasets/analytics_274239098/tables/events_intraday_20220416,hubemployee-189ad,hubemployee-189ad.analytics_274239098.events_intraday_20220416,,
analytics_274239098,events_intraday_20220417,table,,2022-04-17 04:26:33.405000+00:00,,,hubemployee-189ad:analytics_274239098.events_intraday_20220417,,,/projects/hubemployee-189ad/datasets/analytics_274239098/tables/events_intraday_20220417,hubemployee-189ad,hubemployee-189ad.analytics_274239098.events_intraday_20220417,,
analytics_274239098,events_intraday_20220418,table,,2022-04-18 12:20:34.171000+00:00,,,hubemployee-189ad:analytics_274239098.events_intraday_20220418,,,/projects/hubemployee-189ad/datasets/analytics_274239098/tables/events_intraday_20220418,hubemployee-189ad,hubemployee-189ad.analytics_274239098.events_intraday_20220418,,
analytics_274239098,events_intraday_20220421,table,,2022-04-21 18:59:41.135000+00:00,,,hubemployee-189ad:analytics_274239098.events_intraday_20220421,,,/projects/hubemployee-189ad/datasets/analytics_274239098/tables/events_intraday_20220421,hubemployee-189ad,hubemployee-189ad.analytics_274239098.events_intraday_20220421,,
analytics_274239098,events_intraday_20220422,table,,2022-04-22 08:39:22.330000+00:00,,,hubemployee-189ad:analytics_274239098.events_intraday_20220422,,,/projects/hubemployee-189ad/datasets/analytics_274239098/tables/events_intraday_20220422,hubemployee-189ad,hubemployee-189ad.analytics_274239098.events_intraday_20220422,,
analytics_274239098,events_intraday_20220510,table,,2022-05-10 10:47:24.710000+00:00,,,hubemployee-189ad:analytics_274239098.events_intraday_20220510,,,/projects/hubemployee-189ad/datasets/analytics_274239098/tables/events_intraday_20220510,hubemployee-189ad,hubemployee-189ad.analytics_274239098.events_intraday_20220510,,
analytics_274239098,events_intraday_20220513,table,,2022-05-13 03:48:04.262000+00:00,,,hubemployee-189ad:analytics_274239098.events_intraday_20220513,,,/projects/hubemployee-189ad/datasets/analytics_274239098/tables/events_intraday_20220513,hubemployee-189ad,hubemployee-189ad.analytics_274239098.events_intraday_20220513,,
analytics_274239098,events_intraday_20220518,table,,2022-05-18 07:32:36.382000+00:00,,,hubemployee-189ad:analytics_274239098.events_intraday_20220518,,,/projects/hubemployee-189ad/datasets/analytics_274239098/tables/events_intraday_20220518,hubemployee-189ad,hubemployee-189ad.analytics_274239098.events_intraday_20220518,,
analytics_274239098,events_intraday_20220519,table,,2022-05-19 08:55:29.244000+00:00,,,hubemployee-189ad:analytics_274239098.events_intraday_20220519,,,/projects/hubemployee-189ad/datasets/analytics_274239098/tables/events_intraday_20220519,hubemployee-189ad,hubemployee-189ad.analytics_274239098.events_intraday_20220519,,
analytics_274239098,events_intraday_20220524,table,,2022-05-24 06:31:40.491000+00:00,,,hubemployee-189ad:analytics_274239098.events_intraday_20220524,,,/projects/hubemployee-189ad/datasets/analytics_274239098/tables/events_intraday_20220524,hubemployee-189ad,hubemployee-189ad.analytics_274239098.events_intraday_20220524,,
analytics_274239098,events_intraday_20220527,table,,2022-05-27 05:58:21.201000+00:00,,,hubemployee-189ad:analytics_274239098.events_intraday_20220527,,,/projects/hubemployee-189ad/datasets/analytics_274239098/tables/events_intraday_20220527,hubemployee-189ad,hubemployee-189ad.analytics_274239098.events_intraday_20220527,,
analytics_274239098,events_intraday_20220528,table,,2022-05-28 05:34:14.087000+00:00,,,hubemployee-189ad:analytics_274239098.events_intraday_20220528,,,/projects/hubemployee-189ad/datasets/analytics_274239098/tables/events_intraday_20220528,hubemployee-189ad,hubemployee-189ad.analytics_274239098.events_intraday_20220528,,
analytics_274239098,events_intraday_20220603,table,,2022-06-03 09:00:17.364000+00:00,,,hubemployee-189ad:analytics_274239098.events_intraday_20220603,,,/projects/hubemployee-189ad/datasets/analytics_274239098/tables/events_intraday_20220603,hubemployee-189ad,hubemployee-189ad.analytics_274239098.events_intraday_20220603,,
analytics_274239098,events_intraday_20220604,table,,2022-06-04 11:47:39.885000+00:00,,,hubemployee-189ad:analytics_274239098.events_intraday_20220604,,,/projects/hubemployee-189ad/datasets/analytics_274239098/tables/events_intraday_20220604,hubemployee-189ad,hubemployee-189ad.analytics_274239098.events_intraday_20220604,,
analytics_274239098,events_intraday_20220606,table,,2022-06-06 11:01:12.718000+00:00,,,hubemployee-189ad:analytics_274239098.events_intraday_20220606,,,/projects/hubemployee-189ad/datasets/analytics_274239098/tables/events_intraday_20220606,hubemployee-189ad,hubemployee-189ad.analytics_274239098.events_intraday_20220606,,
analytics_274239098,events_intraday_20220607,table,,2022-06-07 05:15:20.098000+00:00,,,hubemployee-189ad:analytics_274239098.events_intraday_20220607,,,/projects/hubemployee-189ad/datasets/analytics_274239098/tables/events_intraday_20220607,hubemployee-189ad,hubemployee-189ad.analytics_274239098.events_intraday_20220607,,
analytics_274239098,events_intraday_20220615,table,,2022-06-15 09:12:32.287000+00:00,,,hubemployee-189ad:analytics_274239098.events_intraday_20220615,,,/projects/hubemployee-189ad/datasets/analytics_274239098/tables/events_intraday_20220615,hubemployee-189ad,hubemployee-189ad.analytics_274239098.events_intraday_20220615,,
analytics_274239098,events_intraday_20220616,table,,2022-06-16 01:26:00.448000+00:00,,,hubemployee-189ad:analytics_274239098.events_intraday_20220616,,,/projects/hubemployee-189ad/datasets/analytics_274239098/tables/events_intraday_20220616,hubemployee-189ad,hubemployee-189ad.analytics_274239098.events_intraday_20220616,,
analytics_274239098,events_intraday_20220620,table,,2022-06-20 01:07:20.348000+00:00,,,hubemployee-189ad:analytics_274239098.events_intraday_20220620,,,/projects/hubemployee-189ad/datasets/analytics_274239098/tables/events_intraday_20220620,hubemployee-189ad,hubemployee-189ad.analytics_274239098.events_intraday_20220620,,
analytics_274239098,events_intraday_20220621,table,,2022-06-21 06:23:10.411000+00:00,,,hubemployee-189ad:analytics_274239098.events_intraday_20220621,,,/projects/hubemployee-189ad/datasets/analytics_274239098/tables/events_intraday_20220621,hubemployee-189ad,hubemployee-189ad.analytics_274239098.events_intraday_20220621,,
analytics_274239098,events_intraday_20220623,table,,2022-06-23 09:47:41.188000+00:00,,,hubemployee-189ad:analytics_274239098.events_intraday_20220623,,,/projects/hubemployee-189ad/datasets/analytics_274239098/tables/events_intraday_20220623,hubemployee-189ad,hubemployee-189ad.analytics_274239098.events_intraday_20220623,,
analytics_274239098,events_intraday_20220624,table,,2022-06-24 08:02:18.774000+00:00,,,hubemployee-189ad:analytics_274239098.events_intraday_20220624,,,/projects/hubemployee-189ad/datasets/analytics_274239098/tables/events_intraday_20220624,hubemployee-189ad,hubemployee-189ad.analytics_274239098.events_intraday_20220624,,
analytics_274239098,events_intraday_20220625,table,,2022-06-25 03:18:05.952000+00:00,,,hubemployee-189ad:analytics_274239098.events_intraday_20220625,,,/projects/hubemployee-189ad/datasets/analytics_274239098/tables/events_intraday_20220625,hubemployee-189ad,hubemployee-189ad.analytics_274239098.events_intraday_20220625,,
analytics_274239098,events_intraday_20220627,table,,2022-06-27 10:50:38.675000+00:00,,,hubemployee-189ad:analytics_274239098.events_intraday_20220627,,,/projects/hubemployee-189ad/datasets/analytics_274239098/tables/events_intraday_20220627,hubemployee-189ad,hubemployee-189ad.analytics_274239098.events_intraday_20220627,,
analytics_274239098,events_intraday_20220628,table,,2022-06-28 06:57:00.767000+00:00,,,hubemployee-189ad:analytics_274239098.events_intraday_20220628,,,/projects/hubemployee-189ad/datasets/analytics_274239098/tables/events_intraday_20220628,hubemployee-189ad,hubemployee-189ad.analytics_274239098.events_intraday_20220628,,
analytics_274239098,events_intraday_20220629,table,,2022-06-29 08:58:22.650000+00:00,,,hubemployee-189ad:analytics_274239098.events_intraday_20220629,,,/projects/hubemployee-189ad/datasets/analytics_274239098/tables/events_intraday_20220629,hubemployee-189ad,hubemployee-189ad.analytics_274239098.events_intraday_20220629,,
analytics_274239098,events_intraday_20220630,table,,2022-06-30 11:04:34.349000+00:00,,,hubemployee-189ad:analytics_274239098.events_intraday_20220630,,,/projects/hubemployee-189ad/datasets/analytics_274239098/tables/events_intraday_20220630,hubemployee-189ad,hubemployee-189ad.analytics_274239098.events_intraday_20220630,,
analytics_274239098,events_intraday_20220701,table,,2022-07-01 09:37:06.396000+00:00,,,hubemployee-189ad:analytics_274239098.events_intraday_20220701,,,/projects/hubemployee-189ad/datasets/analytics_274239098/tables/events_intraday_20220701,hubemployee-189ad,hubemployee-189ad.analytics_274239098.events_intraday_20220701,,
analytics_274239098,events_intraday_20220703,table,,2022-07-03 19:05:47.172000+00:00,,,hubemployee-189ad:analytics_274239098.events_intraday_20220703,,,/projects/hubemployee-189ad/datasets/analytics_274239098/tables/events_intraday_20220703,hubemployee-189ad,hubemployee-189ad.analytics_274239098.events_intraday_20220703,,
analytics_274239098,events_intraday_20220704,table,,2022-07-04 05:37:14.004000+00:00,,,hubemployee-189ad:analytics_274239098.events_intraday_20220704,,,/projects/hubemployee-189ad/datasets/analytics_274239098/tables/events_intraday_20220704,hubemployee-189ad,hubemployee-189ad.analytics_274239098.events_intraday_20220704,,
analytics_274239098,events_intraday_20220705,table,,2022-07-05 07:41:21.496000+00:00,,,hubemployee-189ad:analytics_274239098.events_intraday_20220705,,,/projects/hubemployee-189ad/datasets/analytics_274239098/tables/events_intraday_20220705,hubemployee-189ad,hubemployee-189ad.analytics_274239098.events_intraday_20220705,,
analytics_274239098,events_intraday_20220706,table,,2022-07-06 01:33:23.051000+00:00,,,hubemployee-189ad:analytics_274239098.events_intraday_20220706,,,/projects/hubemployee-189ad/datasets/analytics_274239098/tables/events_intraday_20220706,hubemployee-189ad,hubemployee-189ad.analytics_274239098.events_intraday_20220706,,
analytics_274239098,events_intraday_20220707,table,,2022-07-07 04:04:06.954000+00:00,,,hubemployee-189ad:analytics_274239098.events_intraday_20220707,,,/projects/hubemployee-189ad/datasets/analytics_274239098/tables/events_intraday_20220707,hubemployee-189ad,hubemployee-189ad.analytics_274239098.events_intraday_20220707,,
analytics_274239098,events_intraday_20220708,table,,2022-07-08 12:16:31.604000+00:00,,,hubemployee-189ad:analytics_274239098.events_intraday_20220708,,,/projects/hubemployee-189ad/datasets/analytics_274239098/tables/events_intraday_20220708,hubemployee-189ad,hubemployee-189ad.analytics_274239098.events_intraday_20220708,,
analytics_274239098,events_intraday_20220709,table,,2022-07-09 04:21:45.974000+00:00,,,hubemployee-189ad:analytics_274239098.events_intraday_20220709,,,/projects/hubemployee-189ad/datasets/analytics_274239098/tables/events_intraday_20220709,hubemployee-189ad,hubemployee-189ad.analytics_274239098.events_intraday_20220709,,
analytics_274239098,events_intraday_20220710,table,,2022-07-10 11:53:56.247000+00:00,,,hubemployee-189ad:analytics_274239098.events_intraday_20220710,,,/projects/hubemployee-189ad/datasets/analytics_274239098/tables/events_intraday_20220710,hubemployee-189ad,hubemployee-189ad.analytics_274239098.events_intraday_20220710,,
analytics_274239098,events_intraday_20220715,table,,2022-07-15 02:56:41.672000+00:00,,,hubemployee-189ad:analytics_274239098.events_intraday_20220715,,,/projects/hubemployee-189ad/datasets/analytics_274239098/tables/events_intraday_20220715,hubemployee-189ad,hubemployee-189ad.analytics_274239098.events_intraday_20220715,,
analytics_274239098,events_intraday_20220716,table,,2022-07-16 09:43:42.035000+00:00,,,hubemployee-189ad:analytics_274239098.events_intraday_20220716,,,/projects/hubemployee-189ad/datasets/analytics_274239098/tables/events_intraday_20220716,hubemployee-189ad,hubemployee-189ad.analytics_274239098.events_intraday_20220716,,
analytics_274239098,events_intraday_20220718,table,,2022-07-18 10:48:47.516000+00:00,,,hubemployee-189ad:analytics_274239098.events_intraday_20220718,,,/projects/hubemployee-189ad/datasets/analytics_274239098/tables/events_intraday_20220718,hubemployee-189ad,hubemployee-189ad.analytics_274239098.events_intraday_20220718,,
analytics_274239098,events_intraday_20220723,table,,2022-07-23 12:11:32.878000+00:00,,,hubemployee-189ad:analytics_274239098.events_intraday_20220723,,,/projects/hubemployee-189ad/datasets/analytics_274239098/tables/events_intraday_20220723,hubemployee-189ad,hubemployee-189ad.analytics_274239098.events_intraday_20220723,,
analytics_274239098,events_intraday_20220726,table,,2022-07-26 11:43:44.675000+00:00,,,hubemployee-189ad:analytics_274239098.events_intraday_20220726,,,/projects/hubemployee-189ad/datasets/analytics_274239098/tables/events_intraday_20220726,hubemployee-189ad,hubemployee-189ad.analytics_274239098.events_intraday_20220726,,
analytics_274239098,events_intraday_20220730,table,,2022-07-30 07:30:19.359000+00:00,,,hubemployee-189ad:analytics_274239098.events_intraday_20220730,,,/projects/hubemployee-189ad/datasets/analytics_274239098/tables/events_intraday_20220730,hubemployee-189ad,hubemployee-189ad.analytics_274239098.events_intraday_20220730,,
analytics_274239098,events_intraday_20220731,table,,2022-07-31 02:09:30.180000+00:00,,,hubemployee-189ad:analytics_274239098.events_intraday_20220731,,,/projects/hubemployee-189ad/datasets/analytics_274239098/tables/events_intraday_20220731,hubemployee-189ad,hubemployee-189ad.analytics_274239098.events_intraday_20220731,,
analytics_274239098,events_intraday_20220803,table,,2022-08-03 14:18:52.901000+00:00,,,hubemployee-189ad:analytics_274239098.events_intraday_20220803,,,/projects/hubemployee-189ad/datasets/analytics_274239098/tables/events_intraday_20220803,hubemployee-189ad,hubemployee-189ad.analytics_274239098.events_intraday_20220803,,
analytics_274239098,events_intraday_20220820,table,,2022-08-20 17:06:02.045000+00:00,,,hubemployee-189ad:analytics_274239098.events_intraday_20220820,,,/projects/hubemployee-189ad/datasets/analytics_274239098/tables/events_intraday_20220820,hubemployee-189ad,hubemployee-189ad.analytics_274239098.events_intraday_20220820,,
analytics_274239098,events_intraday_20220825,table,,2022-08-25 10:55:59.227000+00:00,,,hubemployee-189ad:analytics_274239098.events_intraday_20220825,,,/projects/hubemployee-189ad/datasets/analytics_274239098/tables/events_intraday_20220825,hubemployee-189ad,hubemployee-189ad.analytics_274239098.events_intraday_20220825,,
analytics_274239098,events_intraday_20220828,table,,2022-08-28 13:44:25.431000+00:00,,,hubemployee-189ad:analytics_274239098.events_intraday_20220828,,,/projects/hubemployee-189ad/datasets/analytics_274239098/tables/events_intraday_20220828,hubemployee-189ad,hubemployee-189ad.analytics_274239098.events_intraday_20220828,,
analytics_274239098,events_intraday_20220830,table,,2022-08-30 04:55:45.447000+00:00,,,hubemployee-189ad:analytics_274239098.events_intraday_20220830,,,/projects/hubemployee-189ad/datasets/analytics_274239098/tables/events_intraday_20220830,hubemployee-189ad,hubemployee-189ad.analytics_274239098.events_intraday_20220830,,
analytics_274239098,events_intraday_20220831,table,,2022-08-31 04:08:50.311000+00:00,,,hubemployee-189ad:analytics_274239098.events_intraday_20220831,,,/projects/hubemployee-189ad/datasets/analytics_274239098/tables/events_intraday_20220831,hubemployee-189ad,hubemployee-189ad.analytics_274239098.events_intraday_20220831,,
analytics_274239098,events_intraday_20220904,table,,2022-09-04 14:06:33.435000+00:00,,,hubemployee-189ad:analytics_274239098.events_intraday_20220904,,,/projects/hubemployee-189ad/datasets/analytics_274239098/tables/events_intraday_20220904,hubemployee-189ad,hubemployee-189ad.analytics_274239098.events_intraday_20220904,,
analytics_274239098,events_intraday_20220906,table,,2022-09-06 04:48:50.853000+00:00,,,hubemployee-189ad:analytics_274239098.events_intraday_20220906,,,/projects/hubemployee-189ad/datasets/analytics_274239098/tables/events_intraday_20220906,hubemployee-189ad,hubemployee-189ad.analytics_274239098.events_intraday_20220906,,
analytics_274239098,events_intraday_20220915,table,,2022-09-15 07:32:03.903000+00:00,,,hubemployee-189ad:analytics_274239098.events_intraday_20220915,,,/projects/hubemployee-189ad/datasets/analytics_274239098/tables/events_intraday_20220915,hubemployee-189ad,hubemployee-189ad.analytics_274239098.events_intraday_20220915,,
analytics_274239098,events_intraday_20220920,table,,2022-09-20 10:27:16.927000+00:00,,,hubemployee-189ad:analytics_274239098.events_intraday_20220920,,,/projects/hubemployee-189ad/datasets/analytics_274239098/tables/events_intraday_20220920,hubemployee-189ad,hubemployee-189ad.analytics_274239098.events_intraday_20220920,,
analytics_274239098,events_intraday_20220926,table,,2022-09-26 08:16:16.076000+00:00,,,hubemployee-189ad:analytics_274239098.events_intraday_20220926,,,/projects/hubemployee-189ad/datasets/analytics_274239098/tables/events_intraday_20220926,hubemployee-189ad,hubemployee-189ad.analytics_274239098.events_intraday_20220926,,
analytics_274239098,events_intraday_20221003,table,,2022-10-03 16:37:23.045000+00:00,,,hubemployee-189ad:analytics_274239098.events_intraday_20221003,,,/projects/hubemployee-189ad/datasets/analytics_274239098/tables/events_intraday_20221003,hubemployee-189ad,hubemployee-189ad.analytics_274239098.events_intraday_20221003,,
analytics_274239098,events_intraday_20221004,table,,2022-10-04 06:41:35.723000+00:00,,,hubemployee-189ad:analytics_274239098.events_intraday_20221004,,,/projects/hubemployee-189ad/datasets/analytics_274239098/tables/events_intraday_20221004,hubemployee-189ad,hubemployee-189ad.analytics_274239098.events_intraday_20221004,,
analytics_274239098,events_intraday_20221005,table,,2022-10-05 23:40:34.906000+00:00,,,hubemployee-189ad:analytics_274239098.events_intraday_20221005,,,/projects/hubemployee-189ad/datasets/analytics_274239098/tables/events_intraday_20221005,hubemployee-189ad,hubemployee-189ad.analytics_274239098.events_intraday_20221005,,
analytics_274239098,events_intraday_20221006,table,,2022-10-06 04:52:55.655000+00:00,,,hubemployee-189ad:analytics_274239098.events_intraday_20221006,,,/projects/hubemployee-189ad/datasets/analytics_274239098/tables/events_intraday_20221006,hubemployee-189ad,hubemployee-189ad.analytics_274239098.events_intraday_20221006,,
analytics_274239098,events_intraday_20221007,table,,2022-10-07 13:35:49.468000+00:00,,,hubemployee-189ad:analytics_274239098.events_intraday_20221007,,,/projects/hubemployee-189ad/datasets/analytics_274239098/tables/events_intraday_20221007,hubemployee-189ad,hubemployee-189ad.analytics_274239098.events_intraday_20221007,,
analytics_274239098,events_intraday_20221008,table,,2022-10-08 03:22:10.058000+00:00,,,hubemployee-189ad:analytics_274239098.events_intraday_20221008,,,/projects/hubemployee-189ad/datasets/analytics_274239098/tables/events_intraday_20221008,hubemployee-189ad,hubemployee-189ad.analytics_274239098.events_intraday_20221008,,
analytics_274239098,events_intraday_20221011,table,,2022-10-11 05:50:55.038000+00:00,,,hubemployee-189ad:analytics_274239098.events_intraday_20221011,,,/projects/hubemployee-189ad/datasets/analytics_274239098/tables/events_intraday_20221011,hubemployee-189ad,hubemployee-189ad.analytics_274239098.events_intraday_20221011,,
analytics_274239098,events_intraday_20221017,table,,2022-10-17 10:29:54.216000+00:00,,,hubemployee-189ad:analytics_274239098.events_intraday_20221017,,,/projects/hubemployee-189ad/datasets/analytics_274239098/tables/events_intraday_20221017,hubemployee-189ad,hubemployee-189ad.analytics_274239098.events_intraday_20221017,,
analytics_274239098,events_intraday_20221018,table,,2022-10-18 09:34:18.971000+00:00,,,hubemployee-189ad:analytics_274239098.events_intraday_20221018,,,/projects/hubemployee-189ad/datasets/analytics_274239098/tables/events_intraday_20221018,hubemployee-189ad,hubemployee-189ad.analytics_274239098.events_intraday_20221018,,
analytics_274239098,events_intraday_20221019,table,,2022-10-20 00:36:15.413000+00:00,,,hubemployee-189ad:analytics_274239098.events_intraday_20221019,,,/projects/hubemployee-189ad/datasets/analytics_274239098/tables/events_intraday_20221019,hubemployee-189ad,hubemployee-189ad.analytics_274239098.events_intraday_20221019,,
analytics_274239098,events_intraday_20221029,table,,2022-10-29 11:08:56.810000+00:00,,,hubemployee-189ad:analytics_274239098.events_intraday_20221029,,,/projects/hubemployee-189ad/datasets/analytics_274239098/tables/events_intraday_20221029,hubemployee-189ad,hubemployee-189ad.analytics_274239098.events_intraday_20221029,,
analytics_274239098,events_intraday_20221031,table,,2022-10-31 04:25:32.219000+00:00,,,hubemployee-189ad:analytics_274239098.events_intraday_20221031,,,/projects/hubemployee-189ad/datasets/analytics_274239098/tables/events_intraday_20221031,hubemployee-189ad,hubemployee-189ad.analytics_274239098.events_intraday_20221031,,
analytics_274239098,events_intraday_20221104,table,,2022-11-04 04:05:46.731000+00:00,,,hubemployee-189ad:analytics_274239098.events_intraday_20221104,,,/projects/hubemployee-189ad/datasets/analytics_274239098/tables/events_intraday_20221104,hubemployee-189ad,hubemployee-189ad.analytics_274239098.events_intraday_20221104,,
analytics_274239098,events_intraday_20221107,table,,2022-11-07 02:34:28.292000+00:00,,,hubemployee-189ad:analytics_274239098.events_intraday_20221107,,,/projects/hubemployee-189ad/datasets/analytics_274239098/tables/events_intraday_20221107,hubemployee-189ad,hubemployee-189ad.analytics_274239098.events_intraday_20221107,,
analytics_274239098,events_intraday_20221113,table,,2022-11-13 11:25:48.676000+00:00,,,hubemployee-189ad:analytics_274239098.events_intraday_20221113,,,/projects/hubemployee-189ad/datasets/analytics_274239098/tables/events_intraday_20221113,hubemployee-189ad,hubemployee-189ad.analytics_274239098.events_intraday_20221113,,
analytics_274239098,events_intraday_20221115,table,,2022-11-15 06:01:46.734000+00:00,,,hubemployee-189ad:analytics_274239098.events_intraday_20221115,,,/projects/hubemployee-189ad/datasets/analytics_274239098/tables/events_intraday_20221115,hubemployee-189ad,hubemployee-189ad.analytics_274239098.events_intraday_20221115,,
analytics_274239098,events_intraday_20221128,table,,2022-11-29 00:58:01.461000+00:00,,,hubemployee-189ad:analytics_274239098.events_intraday_20221128,,,/projects/hubemployee-189ad/datasets/analytics_274239098/tables/events_intraday_20221128,hubemployee-189ad,hubemployee-189ad.analytics_274239098.events_intraday_20221128,,
analytics_274239098,events_intraday_20221204,table,,2022-12-04 11:42:31.353000+00:00,,,hubemployee-189ad:analytics_274239098.events_intraday_20221204,,,/projects/hubemployee-189ad/datasets/analytics_274239098/tables/events_intraday_20221204,hubemployee-189ad,hubemployee-189ad.analytics_274239098.events_intraday_20221204,,
analytics_274239098,events_intraday_20221206,table,,2022-12-06 10:26:19.359000+00:00,,,hubemployee-189ad:analytics_274239098.events_intraday_20221206,,,/projects/hubemployee-189ad/datasets/analytics_274239098/tables/events_intraday_20221206,hubemployee-189ad,hubemployee-189ad.analytics_274239098.events_intraday_20221206,,
analytics_274239098,events_intraday_20221207,table,,2022-12-07 02:32:07.131000+00:00,,,hubemployee-189ad:analytics_274239098.events_intraday_20221207,,,/projects/hubemployee-189ad/datasets/analytics_274239098/tables/events_intraday_20221207,hubemployee-189ad,hubemployee-189ad.analytics_274239098.events_intraday_20221207,,
analytics_274239098,events_intraday_20221211,table,,2022-12-11 07:51:44.184000+00:00,,,hubemployee-189ad:analytics_274239098.events_intraday_20221211,,,/projects/hubemployee-189ad/datasets/analytics_274239098/tables/events_intraday_20221211,hubemployee-189ad,hubemployee-189ad.analytics_274239098.events_intraday_20221211,,
analytics_274239098,events_intraday_20221214,table,,2022-12-14 12:34:29.861000+00:00,,,hubemployee-189ad:analytics_274239098.events_intraday_20221214,,,/projects/hubemployee-189ad/datasets/analytics_274239098/tables/events_intraday_20221214,hubemployee-189ad,hubemployee-189ad.analytics_274239098.events_intraday_20221214,,
analytics_274239098,events_intraday_20230101,table,,2023-01-01 07:44:36.977000+00:00,,,hubemployee-189ad:analytics_274239098.events_intraday_20230101,,,/projects/hubemployee-189ad/datasets/analytics_274239098/tables/events_intraday_20230101,hubemployee-189ad,hubemployee-189ad.analytics_274239098.events_intraday_20230101,,
analytics_274239098,events_intraday_20230201,table,,2023-02-01 15:27:42.374000+00:00,,,hubemployee-189ad:analytics_274239098.events_intraday_20230201,,,/projects/hubemployee-189ad/datasets/analytics_274239098/tables/events_intraday_20230201,hubemployee-189ad,hubemployee-189ad.analytics_274239098.events_intraday_20230201,,
analytics_274239098,events_intraday_20230312,table,,2023-03-12 15:45:47.728000+00:00,,,hubemployee-189ad:analytics_274239098.events_intraday_20230312,,,/projects/hubemployee-189ad/datasets/analytics_274239098/tables/events_intraday_20230312,hubemployee-189ad,hubemployee-189ad.analytics_274239098.events_intraday_20230312,,
analytics_274239098,events_intraday_20230321,table,,2023-03-21 07:09:40.507000+00:00,,,hubemployee-189ad:analytics_274239098.events_intraday_20230321,,,/projects/hubemployee-189ad/datasets/analytics_274239098/tables/events_intraday_20230321,hubemployee-189ad,hubemployee-189ad.analytics_274239098.events_intraday_20230321,,
analytics_274239098,events_intraday_20230323,table,,2023-03-23 16:53:35.198000+00:00,,,hubemployee-189ad:analytics_274239098.events_intraday_20230323,,,/projects/hubemployee-189ad/datasets/analytics_274239098/tables/events_intraday_20230323,hubemployee-189ad,hubemployee-189ad.analytics_274239098.events_intraday_20230323,,
analytics_274239098,events_intraday_20230327,table,,2023-03-27 05:30:50.712000+00:00,,,hubemployee-189ad:analytics_274239098.events_intraday_20230327,,,/projects/hubemployee-189ad/datasets/analytics_274239098/tables/events_intraday_20230327,hubemployee-189ad,hubemployee-189ad.analytics_274239098.events_intraday_20230327,,
analytics_274239098,events_intraday_20230329,table,,2023-03-29 03:39:03.595000+00:00,,,hubemployee-189ad:analytics_274239098.events_intraday_20230329,,,/projects/hubemployee-189ad/datasets/analytics_274239098/tables/events_intraday_20230329,hubemployee-189ad,hubemployee-189ad.analytics_274239098.events_intraday_20230329,,
analytics_274239098,events_intraday_20230402,table,,2023-04-02 01:04:17.071000+00:00,,,hubemployee-189ad:analytics_274239098.events_intraday_20230402,,,/projects/hubemployee-189ad/datasets/analytics_274239098/tables/events_intraday_20230402,hubemployee-189ad,hubemployee-189ad.analytics_274239098.events_intraday_20230402,,
analytics_274239098,events_intraday_20230411,table,,2023-04-11 04:14:12.346000+00:00,,,hubemployee-189ad:analytics_274239098.events_intraday_20230411,,,/projects/hubemployee-189ad/datasets/analytics_274239098/tables/events_intraday_20230411,hubemployee-189ad,hubemployee-189ad.analytics_274239098.events_intraday_20230411,,
